agent,agent_state,diffusion_rate
0,2,0.477735665278697
1,1,0.555727058818096
2,1,0.291048276236069
3,1,0.737757609195424
4,1,0.554860613372725
5,2,0.376616598691848
6,1,0.441931621585233
7,1,0.27816516602382
8,2,0.67101635655172
9,1,0.405161875586982
